PlayerID,FirstName,LastName,Position,HeightInches,SpeedMph,GamesPlayed,GamesStarted
4893,Charlie,Forman,QB,76,20,9,9
4894,Michael,Stevens,TE,73,18,9,8
4895,Davis,Main,WR,78,16,8,7
4896,Howard,Hall,QB,75,17,9,9
4897,Jimmy,Dwyer,OL,76,17,8,8
4898,Caleb,Williams,RB,74,19,9,9
4899,Ernesto ,Alvarez,FB,75,18,9,9
4900,Marcus,Jones,TE,76,18,9,7
4901,Kevin,Williams,RB,73,20,9,9
4902,Manuel,Huels,QB,70,19,7,7
4903,Rene,Beier,OL,75,21,8,8
4904,Zander,Collins,WR,68,16,5,4
4905,Heath,Jackson,QB,71,18,6,3
4906,Hans,Turner,TE,72,17,5,5
4907,Alexander,McGlynn,RB,65,21,6,6
4908,Reed,Connor,OL,74,18,7,7
4909,Jason,Martin,FB,66,17,4,4
4910,Ethan ,Macher,WR,64,19,5,4
4911,Stuart,Loomis,TE,71,17,6,6
4912,Billy,Bates,QB,73,21,6,4
4913,Roman,Prescott,RB,65,18,8,4
4914,Mickey,Gellar,OL,71,15,7,7
4915,Krist,Axel,TE,75,17,8,8
4916,John,Allen,WR,74,19,6,5
4917,Arthur,David,WR,63,20,6,4
4918,Jake,Rose,QB,67,18,5,5
4919,James,Lowe,FB,71,16,5,3
4920,William,Farrell,RB,75,15,8,8
4921,Ralph,Harvey,RB,70,19,8,6
4922,Axel,Sully,OL,66,20,6,4